{
  "Ansi 5 Color" : {
    "Red Component" : 0.7725490927696228,
    "Color Space" : "sRGB",
    "Blue Component" : 0.77254897356033325,
    "Alpha Component" : 1,
    "Green Component" : 0.58039212226867676
  },
  "Tags" : [

  ],
  "Ansi 12 Color" : {
    "Red Component" : 0.40000003576278687,
    "Color Space" : "sRGB",
    "Blue Component" : 0.7999998927116394,
    "Alpha Component" : 1,
    "Green Component" : 0.60000008344650269
  },
  "Ansi 6 Color" : {
    "Red Component" : 0.37254902720451355,
    "Color Space" : "sRGB",
    "Blue Component" : 0.70196074247360229,
    "Alpha Component" : 1,
    "Green Component" : 0.70196086168289185
  },
  "Ansi 7 Color" : {
    "Red Component" : 0.44313725490196076,
    "Color Space" : "sRGB",
    "Blue Component" : 0.44313725490196076,
    "Alpha Component" : 1,
    "Green Component" : 0.44313725490196076
  },
  "Bold Color" : {
    "Red Component" : 0.81765908002853394,
    "Color Space" : "sRGB",
    "Blue Component" : 0.81766790151596069,
    "Alpha Component" : 1,
    "Green Component" : 0.81767839193344116
  },
  "Ansi 8 Color" : {
    "Red Component" : 0.07318115234375,
    "Color Space" : "sRGB",
    "Blue Component" : 0.07318115234375,
    "Alpha Component" : 1,
    "Green Component" : 0.07318115234375
  },
  "Ansi 9 Color" : {
    "Red Component" : 0.92549020051956177,
    "Color Space" : "sRGB",
    "Blue Component" : 0.40392154455184937,
    "Alpha Component" : 1,
    "Green Component" : 0.37254896759986877
  },
  "Ansi 2 Color" : {
    "Red Component" : 0.60000008344650269,
    "Color Space" : "sRGB",
    "Blue Component" : 0.58039212226867676,
    "Alpha Component" : 1,
    "Green Component" : 0.78039216995239258
  },
  "Rows" : 25,
  "Default Bookmark" : "No",
  "Guid" : "D75CF4B9-9D36-44CF-9CD5-D15652650D82",
  "Cursor Guide Color" : {
    "Red Component" : 0.70213186740875244,
    "Color Space" : "sRGB",
    "Blue Component" : 1,
    "Alpha Component" : 0.25,
    "Green Component" : 0.9268307089805603
  },
  "Non-ASCII Anti Aliased" : true,
  "Use Bright Bold" : true,
  "Ansi 10 Color" : {
    "Red Component" : 0.60000008344650269,
    "Color Space" : "sRGB",
    "Blue Component" : 0.58039212226867676,
    "Alpha Component" : 1,
    "Green Component" : 0.78039216995239258
  },
  "Ambiguous Double Width" : false,
  "Jobs to Ignore" : [
    "rlogin",
    "ssh",
    "slogin",
    "telnet"
  ],
  "Ansi 15 Color" : {
    "Red Component" : 0.9999966025352478,
    "Color Space" : "sRGB",
    "Blue Component" : 0.99999994039535522,
    "Alpha Component" : 1,
    "Green Component" : 0.99999994039535522
  },
  "Foreground Color" : {
    "Red Component" : 0.74901960784313726,
    "Color Space" : "sRGB",
    "Blue Component" : 0.74901960784313726,
    "Alpha Component" : 1,
    "Green Component" : 0.74901960784313726
  },
  "Working Directory" : "\/Users\/pnly",
  "Blinking Cursor" : false,
  "Disable Window Resizing" : true,
  "Sync Title" : false,
  "Prompt Before Closing 2" : false,
  "BM Growl" : true,
  "Command" : "",
  "Description" : "Default",
  "Mouse Reporting" : true,
  "Screen" : -1,
  "Selection Color" : {
    "Red Component" : 0.42001545429229736,
    "Color Space" : "sRGB",
    "Blue Component" : 0.42002034187316895,
    "Alpha Component" : 1,
    "Green Component" : 0.42002600431442261
  },
  "Columns" : 80,
  "Idle Code" : 0,
  "Ansi 13 Color" : {
    "Red Component" : 0.7725490927696228,
    "Color Space" : "sRGB",
    "Blue Component" : 0.77254897356033325,
    "Alpha Component" : 1,
    "Green Component" : 0.58039212226867676
  },
  "Custom Command" : "No",
  "ASCII Anti Aliased" : true,
  "Non Ascii Font" : "SauceCodeProNerdFontCompleteM-Regular 13",
  "Vertical Spacing" : 1,
  "Use Bold Font" : true,
  "Option Key Sends" : 0,
  "Selected Text Color" : {
    "Red Component" : 0.75067645311355591,
    "Color Space" : "sRGB",
    "Blue Component" : 0.75068479776382446,
    "Alpha Component" : 1,
    "Green Component" : 0.75069433450698853
  },
  "Background Color" : {
    "Red Component" : 0.099365763830386422,
    "Color Space" : "sRGB",
    "Blue Component" : 0.099219104275107384,
    "Alpha Component" : 1,
    "Green Component" : 0.1016845703125
  },
  "Character Encoding" : 4,
  "Ansi 11 Color" : {
    "Red Component" : 0.98039215803146362,
    "Color Space" : "sRGB",
    "Blue Component" : 0.38823521137237549,
    "Alpha Component" : 1,
    "Green Component" : 0.78431373834609985
  },
  "Use Italic Font" : true,
  "Unlimited Scrollback" : false,
  "Keyboard Map" : {
    "0xf700-0x260000" : {
      "Action" : 10,
      "Text" : "[1;6A"
    },
    "0x37-0x40000" : {
      "Action" : 11,
      "Text" : "0x1f"
    },
    "0x32-0x40000" : {
      "Action" : 11,
      "Text" : "0x00"
    },
    "0xf709-0x20000" : {
      "Action" : 10,
      "Text" : "[17;2~"
    },
    "0xf70c-0x20000" : {
      "Action" : 10,
      "Text" : "[20;2~"
    },
    "0xf729-0x20000" : {
      "Action" : 10,
      "Text" : "[1;2H"
    },
    "0xf72b-0x40000" : {
      "Action" : 10,
      "Text" : "[1;5F"
    },
    "0xf705-0x20000" : {
      "Action" : 10,
      "Text" : "[1;2Q"
    },
    "0xf703-0x260000" : {
      "Action" : 10,
      "Text" : "[1;6C"
    },
    "0xf700-0x220000" : {
      "Action" : 10,
      "Text" : "[1;2A"
    },
    "0xf701-0x280000" : {
      "Action" : 11,
      "Text" : "0x1b 0x1b 0x5b 0x42"
    },
    "0x38-0x40000" : {
      "Action" : 11,
      "Text" : "0x7f"
    },
    "0x33-0x40000" : {
      "Action" : 11,
      "Text" : "0x1b"
    },
    "0xf703-0x220000" : {
      "Action" : 10,
      "Text" : "[1;2C"
    },
    "0xf701-0x240000" : {
      "Action" : 10,
      "Text" : "[1;5B"
    },
    "0xf70d-0x20000" : {
      "Action" : 10,
      "Text" : "[21;2~"
    },
    "0xf702-0x260000" : {
      "Action" : 10,
      "Text" : "[1;6D"
    },
    "0xf729-0x40000" : {
      "Action" : 10,
      "Text" : "[1;5H"
    },
    "0xf706-0x20000" : {
      "Action" : 10,
      "Text" : "[1;2R"
    },
    "0x34-0x40000" : {
      "Action" : 11,
      "Text" : "0x1c"
    },
    "0xf700-0x280000" : {
      "Action" : 11,
      "Text" : "0x1b 0x1b 0x5b 0x41"
    },
    "0x2d-0x40000" : {
      "Action" : 11,
      "Text" : "0x1f"
    },
    "0xf70e-0x20000" : {
      "Action" : 10,
      "Text" : "[23;2~"
    },
    "0xf702-0x220000" : {
      "Action" : 10,
      "Text" : "[1;2D"
    },
    "0xf703-0x280000" : {
      "Action" : 11,
      "Text" : "0x1b 0x1b 0x5b 0x43"
    },
    "0xf700-0x240000" : {
      "Action" : 10,
      "Text" : "[1;5A"
    },
    "0xf707-0x20000" : {
      "Action" : 10,
      "Text" : "[1;2S"
    },
    "0xf70a-0x20000" : {
      "Action" : 10,
      "Text" : "[18;2~"
    },
    "0x35-0x40000" : {
      "Action" : 11,
      "Text" : "0x1d"
    },
    "0xf70f-0x20000" : {
      "Action" : 10,
      "Text" : "[24;2~"
    },
    "0xf703-0x240000" : {
      "Action" : 10,
      "Text" : "[1;5C"
    },
    "0xf701-0x260000" : {
      "Action" : 10,
      "Text" : "[1;6B"
    },
    "0xf702-0x280000" : {
      "Action" : 11,
      "Text" : "0x1b 0x1b 0x5b 0x44"
    },
    "0xf72b-0x20000" : {
      "Action" : 10,
      "Text" : "[1;2F"
    },
    "0x36-0x40000" : {
      "Action" : 11,
      "Text" : "0x1e"
    },
    "0xf708-0x20000" : {
      "Action" : 10,
      "Text" : "[15;2~"
    },
    "0xf701-0x220000" : {
      "Action" : 10,
      "Text" : "[1;2B"
    },
    "0xf70b-0x20000" : {
      "Action" : 10,
      "Text" : "[19;2~"
    },
    "0xf702-0x240000" : {
      "Action" : 10,
      "Text" : "[1;5D"
    },
    "0xf704-0x20000" : {
      "Action" : 10,
      "Text" : "[1;2P"
    }
  },
  "Window Type" : 0,
  "Background Image Location" : "",
  "Blur" : false,
  "Badge Color" : {
    "Red Component" : 1,
    "Color Space" : "sRGB",
    "Blue Component" : 0,
    "Alpha Component" : 0.5,
    "Green Component" : 0.1491314172744751
  },
  "Scrollback Lines" : 10000,
  "Send Code When Idle" : false,
  "Close Sessions On End" : true,